year,citation
2024,"MS Keller, T Manz, N Gehlenborg, ""Use-Coordination: Model, Grammar, and Library for Implementation of Coordinated Multiple Views"", *OSF Preprints* doi:10.31219/osf.io/vhs7m (2024)."
2024,"L Taing, A Dandawate, S L'Yi, N Gehlenborg, M Brown, CA Meyer, ""Cistrome Data Browser: integrated search, analysis and visualization of chromatin data"", *Nucleic Acids Research* **52**(D1), D61-D66 (2024)."
2024,"E Mörth, K Sidak, Z Maliga, T Moeller, N Gehlenborg, P Sorger, H Pfister, J Beyer, R Krüger, ""Cell2Cell: Explorative Cell Interaction Analysis in Multi-Volumetric Tissue Data"", Accepted at IEEE VIS 2024 and IEEE Transactions on Visualization and Computer Graphics. (2024)."
2024,"T Manz, N Abdennur, N Gehlenborg, ""anywidget: reusable widgets for interactive analysis and visualization in computational notebooks"", *OSF Preprints* doi: 10.31219/osf.io/tw9sg (2024)."
2024,"T Manz, N Gehlenborg, N Abdennur, ""Any notebook served: authoring and sharing reusable interactive widgets"", *OSF Preprints* doi: 10.31219/osf.io/pyn7u (2024)."
2024,"TC Smits, S L'Yi, AP Mar, N Gehlenborg, ""AltGosling: Automatic Generation of Text Descriptions for Accessible Genomics Data Visualization"", *OSF Preprints* doi:10.31219/osf.io/26jvr (2024)."
2024,"E Mörth, C Nielsen, M Turner, L Xianhao, MS Keller, J Beyer, H Pfister, CZ Tian, N Gehlenborg, ""A Mixed Reality and 2D Display Hybrid Approach for Visual Analysis of 3D Tissue Maps"", *OSF Preprints* doi: 10.31219/osf.io/zka2j (2024)."
2024,"T Manz, F Lekschas, E Greene, G Finak, N Gehlenborg, ""A General Framework for Comparing Embedding Visualizations Across Class-Label Hierarchies"", Accepted at IEEE VIS 2024 and IEEE Transactions on Visualization and Computer Graphics (2024)."
2023,"S L'Yi, Q Wang, N Gehlenborg, ""The Role of Visualization in Genomics Data Analysis Workflows: The Interview"", Proceedings of IEEE VIS 2023, 101-105 (2023)."
2023,"H Zhang, J Honerlaw, M Maripuri, MJS Samayamuthu, B Beaulieu-Jones, H Baig, S L'Yi, Y-L Ho, M Morris, VAP Panickan, X Wang, G Weber, KP Liao, S Visweswaran, B Tan, W Yuan, N Gehlenborg, S Muralidhar, R Ramoni, The Consortium for Clinical Characterization of COVID-19 by EHR (4CE), I Kohane, Z Xia, K Cho, T Cai, ""Potential pitfalls in the use of real world data to study Long COVID"", *Nature Medicine* **29**, 1040–1043 (2023)."
2023,"T Manz, S L'Yi, N Gehlenborg, ""Gos: a declarative library for interactive genomics visualization in Python"", Bioinformatics 39(1), btad050. (2023)."
2023,"Q Wang, X Liu, MQ Liang, S L’Yi, N Gehlenborg, ""Enabling Multimodal User Interactions for Genomics Visualization Creation"", Proceedings of IEEE VIS 2023, 101-105 (2023)."
2023,"Q Wang, S L'Yi, N Gehlenborg, ""Drava: Concept-Driven Exploration of Small Multiples using Interpretable Latent Vectors"", Proceedings of ACM CHI 2023, 1-15 (2023)."
2023,"S L'Yi, MS Keller, A Dandawate, L Taing, CH Chen, M Brown, CA Meyer, N Gehlenborg, ""Cistrome Explorer: An Interactive Visual Analysis Tool for Large-Scale Epigenomic Data"", Bioinformatics 39(2), btad018. (2023)."
2023,"S L'Yi, D Maziec, V Stevens, T Manz, A Veit, M Berselli, PJ Park, D Głodzik, N Gehlenborg, ""Chromoscope: interactive multiscale visualization for structural variation in human genomes"", *Nature Methods* **20**, 1834–1835 (2023)."
2022,"T Manz, I Gold, NH Patterson, C McCallum, MS Keller, BW Herr II, K Börner, J Spraggins, N Gehlenborg, ""Viv: Multiscale Visualization of High-Resolution Multiplexed Bioimaging Data on the Web"", *Nature Methods* **19** 515–516 (2022)."
2022,"TS Liaw, N Gehlenborg, ""User-Centric Process of Designing a Molecular & Cellular Query Interface for Biomedical Research"", International Design Conference - DESIGN 2022 (2022)."
2022,"F Cheng, MS Keller, H Qu, N Gehlenborg, Q Wang, ""Polyphony: an Interactive Transfer Learning Framework for Single-Cell Data Analysis"", Accepted at IEEE VIS 2022 and IEEE Transactions on Visualization and Computer Graphics. (2022)."
2022,"MR Hutch, J Son, TT Le, C Hong, X Wang, Z Shakeri Hossein Abad, M Morris, A Gutiérrez-Sacristán, JG Klann, A Spiridou, R Bellazzi, V Benoit, CL Bonzel, WA Bryant, K Cho, P Das, DA Hanauer, DW Henderson, YL Ho, NHW Loh, A Makoudjou, A Malovini, B Moal, DL Mowery, MJ Samayamuthu, FJ Sanz Vidorreta, ER Schriver, P Schubert, J Talbert, ALM Tan, BWL Tan, BWQ Tan, V Tibollo, W Yuan, P Avillach, N Gehlenborg, GS Omenn, S Visweswaran, T Cai, Y Luo, Z Xia (4CE Consortium), ""Neurological diagnoses in hospitalized COVID-19 patients associated with adverse outcomes: a multinational cohort stud"", *SSRN Preprints* 10.2196/preprints.31400 (2022)."
2022,"S L'Yi, N Gehlenborg, ""Multi-View Design Patterns and Responsive Visualization for Genomics Data"", Accepted at IEEE VIS 2022 and IEEE Transactions on Visualization and Computer Graphics. (2022)."
2022,"GM Weber, C Hong, Z Xia, N Palmer, P Avillach, S L’Yi, M Keller, S Murphy, A Gutiérrez-Sacristán, C Bonzel, A Serret-Larmande, A Neuraz, G Omenn, S Visweswaran, J Klann, A South, N Loh, M Cannataro, B Beaulieu-Jones, R Bellazzi, G Agapito, M Alessiani, B Aronow, D Bell, V Benoit, F Bourgeois, L Chiovato, K Cho, A Dagliati, S DuVall, N Barrio, D Hanauer, Y Ho, J Holmes, R Issitt, M Liu, Y Luo, K Lynch, S Maidlow, A Malovini, K Mandl, C Mao, M Matheny, J Moore, J Morris, M Morris, D Mowery, K Ngiam, L Patel, M Pedrera-Jimenez, R Ramoni, E Schriver, P Schubert, P Balazote, A Spiridou, A Tan, B Tan, V Tibollo, C Torti, E Trecarichi, X Wang, J Aaron, A Albayrak, G Albi, A Alloni, D Amendola, F Angoulvant, L Anthony, F Ashraf, A Atz, P Avillach, P Azevedo, J Balshi, B Beaulieu-Jones, A Bellasi, V Benoit, M Beraghi, J Bernal-Sobrino, M Bernaux, R Bey, S Bhatnagar, A Blanco-Martínez, M Boeker, J Booth, S Bosari, R Bradford, G Brat, S Bréant, N Brown, R Bruno, W Bryant, M Bucalo, E Bucholz, A Burgun, T Cai, A Carmona, C Caucheteux, J Champ, K Chen, J Chen, L Chiudinelli, K Cho, J Cimino, T Colicchio, S Cormont, S Cossin, J Craig, J Cruz-Bermúdez, J Cruz-Rojo, M Daniar, C Daniel, P Das, B Devkota, A Dionne, R Duan, J Dubiel, L Esteve, H Estiri, S Fan, R Follett, T Ganslandt, N García-Barrio, L Garmire, N Gehlenborg, E Getzen, A Geva, T Gradinger, A Gramfort, R Griffier, N Griffon, O Grisel, A Gutiérrez-Sacristán, L Han, D Hanauer, C Haverkamp, D Hazard, B He, D Henderson, M Hilka, K Huling, M Hutch, R Issitt, A Jannot, V Jouhet, R Kavuluru, C Kennedy, K Kernan, D Key, K Kirchoff, J Klann, I Kohane, I Krantz, D Kraska, A Krishnamurthy, T Le, J Leblanc, G Lemaitre, L Lenert, D Leprovost, M Liu, Q Long, S Lozano-Zahonero, S Mahmood, S Maidlow, A Makoudjou, A Maram, P Martel, M Martins, J Marwaha, A Masino, M Mazzitelli, A Mensch, M Milano, M Minicucci, B Moal, T Ahooyi, J Moore, C Moraleda, J Morris, K Moshal, S Mousavi, D Murad, S Murphy, T Naughton, C Neto, J Newburger, K Ngiam, W Njoroge, J Norman, J Obeid, M Okoshi, K Olson, G Omenn, N Orlova, B Ostasiewski, N Palmer, N Paris, L Patel, M Pedrera-Jimenez, A Pfaff, E Pfaff, D Pillion, S Pizzimenti, H Prokosch, R Prudente, A Prunotto, V Quirós-González, R Ramoni, M Raskin, S Rieg, G Roig-Domínguez, P Rojo, P Rubio-Mayo, P Sacchi, C Sáez, E Salamanca, M Samayamuthu, L Sanchez-Pinto, A Sandrin, N Santhanam, J Santos, F Sanz Vidorreta, M Savino, J Schuettler, L Scudeller, N Sebire, P Serrano-Balazote, P Serre, A Serret-Larmande, M Shah, Z Abad, D Silvio, P Sliz, J Son, C Sonday, A South, F Sperotto, Z Strasser, A Tan, B Tan, S Tanni, D Taylor, A Terriza-Torres, P Tippmann, E Toh, Y Tseng, A Vallejos, G Varoquaux, M Vella, G Verdy, J Vie, S Visweswaran, M Vitacca, K Wagholikar, L Waitman, D Wassermann, G Weber, M Wolkewitz, S Wong, Z Xia, X Xiong, Y Ye, N Yehya, W Yuan, A Zambelli, H Zhang, D Zöller, V Zuccaro, C Zucco, The Consortium for Clinical Characterization of COVID-19 by EHR (4CE), I Kohane, T Cai, G Brat, ""International comparisons of laboratory values from the 4CE collaborative to predict COVID-19 mortality"", npj Digital Medicine *5*, 74 (2022) (2022)."
2022,"A Pandey, S L'Yi, Q Wang, MA Borkin, N Gehlenborg, ""GenoREC: A Recommendation System for Interactive Genomics Data Visualization"", Accepted at IEEE VIS 2022 and IEEE Transactions on Visualization and Computer Graphics. (2022)."
2022,"Q Wang, K Huang, P Chandak, M Zitnik, N Gehlenborg, ""Extending the Nested Model for User-Centric XAI: A Design Study on GNN-based Drug Repurposing"", Accepted at IEEE VIS 2022 and IEEE Transactions on Visualization and Computer Graphics. (2022)."
2022,"C Hong, HG Zhang, SL L'Yi, G Weber, P Avillach, BWQ Tan, A Gutiérrez-Sacristán, CL Bonzel, NP Palmer, A Malovini, V Tibollo, Y Luo, MR Hutch, M Liu, F Bourgeois, R Bellazzi, L Chiovato, FJ Sanz Vidorreta, TT Le, X Wang, W Yuan, A Neuraz, V Benoit, B Moal, M Morris, DA Hanauer, S Maidlow, K Wagholikar, S Murphy, H Estiri, A Makoudjou, P Tippmann, J Klann, RW Follett, N Gehlenborg, GS Omenn, Z Xia, A Dagliati, S Visweswaran, LP Patel, DL Mowery, ER Schriver, MJ Samayamuthu, R Kavuluru, S Lozano-Zahonero, D Zöller, ALM Tan, BWL Tan, KY Ngiam, JH Holmes, P Schubert, K Cho, YL Ho, BK Beaulieu-Jones, M Pedrera-Jiménez, N García-Barrio, P Serrano-Balazote, I Kohane, The Consortium for Clinical Characterization of COVID-19 by EHR (4CE), A South, GA Brat, T Cai, ""Changes in laboratory value improvement and mortality rates over the course of the pandemic: an international retrospective cohort study of hospitalised patients infected with SARS-CoV-2"", *BMJ open* **12** (6):e057725 (2022)."
2021,"MS Keller, I Gold, C McCallum, T Manz, PV Kharchenko, N Gehlenborg, ""Vitessce: a framework for integrative visualization of multi-modal and spatially-resolved single-cell data"", *OSF Preprints* doi:10.31219/osf.io/y8thv (2021)."
2021,"Q Wang, T Mazor, T Harbig, E Cerami, N Gehlenborg, ""ThreadStates: State-based Visual Analysis of Disease Progression"", Accepted at IEEE VIS 2021 and IEEE Transactions on Visualization and Computer Graphics. (2021)."
2021,"T Harbig, S Nusrat, T Mazor, Q Wang, A Thomson, H Bitter, E Cerami, N Gehlenborg, ""OncoThreads: Visualization of Large Scale Longitudinal Cancer Molecular Data"", Bioinformatics (Proceedings of ISMB/ECCB 2021), Volume 37, Issue Supplement_1, July 2021, Pages i59–i66, https://doi.org/10.1093/bioinformatics/btab289 (2021)."
2021," D Schapiro, C Yapp, A Sokolov, SM Reynolds, YA Chen, D Sudar, Y Xie, JL Muhlich, R Arias-Camison, S Arena, AJ Taylor, M Nikolov, M Tyler, JR Lin, EA Burlingame, YH Chang, SL Farhi, V Thorsson, N Venkatamohan, JL Drewes, D Pe'er, DA Gutman, MD Herrmann, N Gehlenborg, P Bankhead, JT Roland, JM Herndon, MP Snyder, M Angelo, G Nolan, JR Swedlow, N Schultz, DT Merrick, SA Mazzilli, E Cerami, SJ Rodig, S Santagata, PK Sorger, ""MITI Minimum Information guidelines for highly multiplexed tissue images"", arXiv:2108.09499 (2021)."
2021,"GM Weber, H Zhang, S L'Yi, C Bonzel, C Hong, P Avillach, A Gutiérrez-Sacristán, N Palmer, A Tan, X Wang, W Yuan, N Gehlenborg, A Alloni, D Amendola, A Bellasi, R Bellazzi, M Beraghi, M Bucalo, L Chiovato, K Cho, A Dagliati, H Estiri, R Follett, N García-Barrio, D Hanauer, D Henderson, Y Ho, J Holmes, M Hutch, R Kavuluru, K Kirchoff, J Klann, A Krishnamurthy, T Le, M Liu, N Loh, S Lozano-Zahonero, Y Luo, S Maidlow, A Makoudjou, A Malovini, B Moal, M Morris, D Mowery, S Murphy, A Neuraz, K Ngiam, M Okoshi, G Omenn, L Patel, M Pedrera-Jiménez, R Prudente, M Samayamuthu, J Sanz, E Schriver, P Schubert, P Serrano-Balazote, B Tan, S Tanni, V Tibollo, S Visweswaran, K Wagholikar, Z Xia, D Zoeller, 4CE Consortium, I Kohane, T Cai, A South, G Brat, ""International Changes in COVID-19 Clinical Trajectories Across 315 Hospitals and 6 Countries: a 4CE Consortium Study"", *J Med Internet Res* 2021;23(10):e31400. doi: https://doi.org/10.2196/31400 (2021)."
2021,"F Bourgeois, A Gutiérrez-Sacristán, MS Keller, M Liu, C Hong, C Bonzel, A Tan, B Aronow, M Boeker, J Booth, J Cruz Rojo, B Devkota, N García Barrio, N Gehlenborg, A Geva, D Hanauer, M Hutch, R Issitt, J Klann, Y Luo, K Mandl, C Mao, B Moal, K Moshal, S Murphy, A Neuraz, K Yuan Ngiam, G Omenn, L Patel, M Pedrera Jiménez, N Sebire, P Serrano Balazote, A Serret-Larmande, A South, A Spiridou, D Taylor, P Tippmann, S Visweswaran, G Weber, I Kohane, T Cai, P Avillach (for the Consortium for Clinical Characterization of COVID-19 by EHR (4CE)), ""International Analysis of Electronic Health Records of Children and Youth Hospitalized With COVID-19 Infection in 6 Countries"", *JAMA Netw Open* **4**:e2112596 (2021)."
2021,"S L'Yi, Q Wang, F Lekschas, N Gehlenborg, ""Gosling: A Grammar-based Toolkit for Scalable and Interactive Genomics Data Visualization"", Accepted at IEEE VIS 2021 and IEEE Transactions on Visualization and Computer Graphics. (2021)."
2020,"F Lekschas, B Peterson, D Haehn, E Ma, N Gehlenborg, H Pfister, ""Peax: Interactive Visual Pattern Search in Sequential Data Using Unsupervised Deep Representation Learning"", *Computer Graphics Forum* **39** 167-179 (2020)."
2020,"GA Brat, GM Weber, N Gehlenborg, P Avillach, NP Palmer, L Chiovato, J Cimino, LR Waitman, GS Omenn, A Malovini, JH Moore, BK Beaulieu-Jones, V Tibollo, SN Murphy, SL' Yi, MS Keller, R Bellazzi, DA Hanauer, A Serret-Larmande, AG Gutierrez-Sacristan, DS Bell, KD Mandl, RW Follett, JG Klann, DA Murad, L Scudeller, M Bucalo, K Kirchoff, J Craig, J Obeid, V Jouhet, R Griffier, S Cossin, B Moal, L Patel, A Bellasi, HU Prokosch, D Kraska, P Sliz, KY Ngiam, A Zambelli, E Schiver, B Devkota, RL Bradford, C Daniel, V Benoit, R Bey, N Paris, P Serre, N Orlova, J Dubiel, M Hilka, AS Jannot, J Leblanc, N Griffon, A Burgun, M Bernaux, A Sandrin, E Salamanca, S Cormont, T Ganslandt, T Gradinger, J Champ, M Boeker, P Martel, L Esteve, A Gramfort, O Grisel, D Leprovost, T Moreau, G Varoquaux, JJ Vie, D Wassermann, A Mensch, C Caucheteux, C Haverkamp, G Lemaitre, S Bosari, ID Krantz, A South, ALM Tan, T Cai, IS Kohane (for the 4CE Consortium), ""International Electronic Health Record-Derived COVID-19 Clinical Course Profiles: the 4CE Consortium"", npj Digital Medicine *3*, 109 (2020)."
2020,"A Füllgrabe, N George, M Green, P Nejad, B Aronow, SK Fexova, C Fischer, MA Freeberg, L Huerta, N Morrison, RH Scheuermann, D Taylor, N Vasilevsky, L Clarke, N Gehlenborg, J Kent, J Marioni, S Teichmann, A Brazma, I Papatheodorou, ""Guidelines for reporting single-cell RNA-seq experiments"", Nature Biotechnology (2020)."
2020,"U Gisladottir, D Nakikj, R Jhunjhunwala, G Brat, N Gehlenborg, ""Data Visualization for Surgical Informed Consent to Communicate Personalized Risks and Patient Preferences"", medrxiv:2020.03.25.20038398 (2020)."
2020,"F Lekschas, X Zhou, W Chen, N Gehlenborg, B Bach, H Pfister, ""A Generic Framework and Library for Exploration of Small Multiples through Interactive Piling"", *IEEE Transactions on Visualization and Computer Graphics*, to appear. DOI: https://doi.org/10.1109/TVCG.2020.3028948 (2020)."
2019,"MP Snyder, S Lin, A Posgai, M Atkinson, A Regev, J Rood, O Rosen, L Gaffney, A Hupalowska, R Satija, N Gehlenborg, J Shendure, J Laskin, P Harbury, NA Nystrom, Z Bar-Joseph, K Zhang, K Borner, Y Lin, R Conroy, D Procaccini, AL Roy, A Pillai, M Brown, ZS Galis (for the HuBMAP Consortium), ""The human body at cellular resolution: the NIH Human Biomolecular Atlas Program"", *Nature* **574** 187-192 (2019)."
2019,"S Nusrat, T Harbig, N Gehlenborg, ""Tasks, Techniques, and Tools for Genomic Data Visualization"", *Computer Graphics Forum* **38** 781-805 (2019)."
2019,"B Morrow, T Manz, AE Chung, N Gehlenborg, D Gotz, ""Periphery Plots for Contextualizing Heterogeneous Time-Based Charts"", Proceedings of IEEE VIS 2019, to appear (2019)."
2019,"F Lekschas, M Behrisch, B Bach, P Kerpedjiev, N Gehlenborg, H Pfister, ""Pattern-Driven Navigation in 2D Multiscale Visualizations with Scalable Insets"", *IEEE Transactions on Visualization and Computer Graphics*, to appear. DOI: https://doi.org/10.1109/TVCG.2019.2934555 (2019)."
2019,"S Mataraso, V Socrates, F Lekschas, N Gehlenborg, ""Halyos: A patient-facing visual EHR interface for longitudinal risk awareness"", bioRxiv 597583 (2019)."
2018,"M Behrisch, R Krueger, F Lekschas, T Schreck, N Gehlenborg, H Pfister, ""Visual Pattern-Driven Exploration of Big Data"", *Proceedings of International Symposium on Big Data Visual and Immersive Analytics*, doi:10.1109/BDVA.2018.8534028 (2018)."
2018,"C Nobre, N Gehlenborg, H Coon, A Lex, ""Lineage: Visualizing Multivariate Clinical Data in Genealogy Graphs"", *IEEE Transactions on Visualization and Computer Graphics* **25** 1543-1558. doi: https://doi.org/10.1109/TVCG.2018.2811488 (2018)."
2018,"F Lekschas, B Bach, P Kerpedjiev, N Gehlenborg, H Pfister, ""HiPiler: Visual Exploration Of Large Genome Interaction Matrices With Interactive Small Multiples"", *IEEE Transactions on Visualization and Computer Graphics* **24**:1 (2018)."
2018,"P Kerpedjiev, N Abdennur, F Lekschas, C McCallum, K Dinkla, H Strobelt, JM Luber, SB Ouellette, A Ahzir, N Kumar, J Hwang, BH Alver, H Pfister, LA Mirny, PJ Park, N Gehlenborg, ""HiGlass: web-based visual exploration and analysis of genome interaction maps"", *Genome Biology* **201819**:125 (2018); https://doi.org/10.1186/s13059-018-1486-1 (2018)."
2017,"JR Conway, A Lex, N Gehlenborg, ""UpSetR: An R Package for the Visualization of Intersecting Sets and their Properties"", *Bioinformatics* **33**: 2938–2940; doi: https://doi.org/10.1093/bioinformatics/btx364 (2017)."
2017,"J Fan, D Fan, K Slowikowski, N Gehlenborg, P Kharchenko, ""UBiT2: a client-side web-application for gene expression data analysis"", bioRxiv 118992; doi: https://doi.org/10.1101/118992 (2017)."
2017,"F Lekschas, N Gehlenborg, ""SATORI: A System for Ontology-Guided Visual Exploration of Biomedical Data Repositories"", *Bioinformatics*, btx739, https://doi.org/10.1093/bioinformatics/btx739 (2017)."
2017,"M Kern, A Lex, N Gehlenborg, CR Johnson, ""Interactive Visual Exploration And Refinement Of Cluster Assignments"", *BMC Bioinformatics* **18**:406 (2017)."
2017,"AD Cherniack, H Shen, V Walter, C Stewart, BA Murray, R Bowlby, X Hu, S Ling, RA Soslow, RR Broaddus, RE Zuna, G Robertson, PW Laird, R Kucherlapati, GB Mills, Cancer Genome Atlas Research Network (incl. N Gehlenborg), JN Weinstein, J Zhang, R Akbani, DA Levine, ""Integrated Molecular Characterization of Uterine Carcinosarcoma"", *Cancer Cell* **31(3)**:411-423 (2017)."
2017,"The Cancer Genome Atlas Research Network (incl. N Gehlenborg), ""Integrated genomic characterization of oesophageal carcinoma"", *Nature* **541(7636)**:169-175 (2017)."
2017,"The Cancer Genome Atlas Research Network (incl. N Gehlenborg), ""Integrated genomic and molecular characterization of cervical cancer"", *Nature* **543(7645)**:378-384 (2017)."
2017,"L Fishbein, I Leshchiner, V Walter, L Danilova, AG Robertson, AR Johnson, TM Lichtenberg, BA Murray, HK Ghayee, T Else, S Ling, SR Jefferys, AA de Cubas, B Wenz, E Korpershoek, AL Amelio, L Makowski, WK Rathmell, AP Gimenez-Roqueplo, TJ Giordano, SL Asa, AS Tischler, K Pacak, KL Nathanson, Cancer Genome Atlas Research Network (incl. N Gehlenborg), MD Wilkerson, ""Comprehensive Molecular Characterization of Pheochromocytoma and Paraganglioma"", *Cancer Cell* Feb 13;31(2):181-193 (2017)."
2016,"M Ceccarelli, FP Barthel, TM Malta, TS Sabedot, SR Salama, BA Murray, O Morozova, Y Newton, A Radenbaugh, SM Pagnotta, S Anjum, J Wang, G Manyam, P Zoppoli, S Ling, AA Rao, M Grifford, AD Cherniack, H Zhang, L Poisson, CG Carlotti Jr, DP Tirapelli, A Rao, T Mikkelsen, CC Lau, WK Yung, R Rabadan, J Huse, DJ Brat, NL Lehman, JS Barnholtz-Sloan, S Zheng, K Hess, G Rao, M Meyerson, R Beroukhim, L Cooper, R Akbani, M Wrensch, D Haussler, KD Aldape, PW Laird, DH Gutmann, TCGA Research Network (incl. N Gehlenborg), H Noushmehr, A Iavarone, RG Verhaak, ""Molecular Profiling Reveals Biologically Discrete Subsets and Pathways of Progression in Diffuse Glioma"", *Cell* **164**:550-563 (2016)."
2016,"AK Manrai, CJ Patel, N Gehlenborg, NP Tatonetti, JP Ioannidis, IS Kohane, ""Methods to enhance the reproducibility of precision medicine"", *Pac Symp Biocomput* **21**:180-182 (2016)."
2016,"S Gratzl, A Lex, N Gehlenborg, N Cosgrove, M Streit, ""From Visual Exploration to Storytelling and Back Again"", *Computer Graphics Forum* **35**:491–500 (2016)."
2016,"JD Campbell, A Alexandrov, J Kim, J Wala, AH Berger, CS Pedamallu, SA Shukla, G Guo, AN Brooks, BA Murray, M Imielinski, X Hu, S Ling, R Akbani, M Rosenberg, C Cibulskis, A Ramachandran, EA Collisson, DJ Kwiatkowski, MS Lawrence, JN Weinstein, RGW Verhaak, CJ Wu, PS Hammerman, AD Cherniack, G Getz, M Artyomov, R Schreiber, R Govindan, Cancer Genome Atlas Research Network (incl. N Gehlenborg), M Meyerson, ""Distinct patterns of somatic genome alterations in lung adenocarcinomas and squamous cell carcinomas"", *Nat Genet* **48**, 607–616 (2016)."
2016,"H Stitz, S Luger, M Streit, N Gehlenborg, ""AVOCADO: Visualization of Workflow-Derived Data Provenance for Reproducible Biomedical Research"", *Computer Graphics Forum* **35**:481-490 (2016)."
2015,"The Cancer Genome Atlas Research Network (incl. N Gehlenborg), ""The Molecular Taxonomy of Primary Prostate Cancer"", *Cell* **163**:1011-25 (2015)."
2015,"The Cancer Genome Atlas Network (incl. N Gehlenborg), ""Genomic Classification of Cutaneous Melanoma"", *Cell* **161**:1681-96 (2015)."
2015,"G Ciriello, ML Gatza, AH Beck, MD Wilkerson, SK Rhie, A Pastore, H Zhang, M McLellan, C Yau, C Kandoth, R Bowlby, H Shen, S Hayat, R Fieldhouse, SC Lester, GM Tse, RE Factor, LC Collins, KH Allison, YY Chen, K Jensen, NB Johnson, S Oesterreich, GB Mills, AD Cherniack, G Robertson, C Benz, C Sander, PW Laird, KA Hoadley, TA King, TCGA Research Network (incl. N Gehlenborg), CM Perou, ""Comprehensive Molecular Portraits of Invasive Lobular Breast Cancer"", *Cell* **163**:506-519 (2015)."
2015,"The Cancer Genome Atlas Network (incl. N Gehlenborg), ""Comprehensive Genomic Characterization of Head and Neck Squamous Cell Carcinomas"", *Nature* **517**:576-582 (2015)."
2015,"The Cancer Genome Atlas Network (incl. N Gehlenborg), ""Comprehensive and Integrative Genomic Characterization of Diffuse Lower Grade Gliomas"", *New England Journal of Medicine* **372**:2481-2498 (2015)."
2014,"A Lex, N Gehlenborg, H Strobelt, R Vuillemot, H Pfister, ""UpSet: Visualization of Intersecting Sets"", *IEEE Transactions on Visualization and Computer Graphics (Proceedings of InfoVis ’14)* (2014)."
2014,"A Lex, N Gehlenborg, ""Points of View: Sets and Intersections"", *Nature Methods* **11**(8):779 (2014)."
2014,"M Streit, N Gehlenborg, ""Points of View: Bar Charts and Box Plots"", *Nature Methods* **11**(2):117 (2014)."
2014,"S Carpendale, M Chen, D Evanko, N Gehlenborg, C Görg, L Hunter, F Rowland, M-A Storey, H Strobelt, ""Ontologies in Biological Data Visualization"", *IEEE Computer Graphics and Applications* **34**(2):8-15 (2014)."
2014,"KA Hoadley\*, C Yau\*, DM Wolf\*, AD Cherniack\*, D Tamborero, S Ng, MDM Leiserson, B Niu, MD McLellan, V Uzunangelov, J Zhang, C Kandoth, R Akbani, H Shen, L Omberg, A Chu, AA Margolin, LJ van’t Veer, N Lopez-Bigas, PW Laird, BJ Raphael, L Ding, AG Robertson, LA Byers, GB Mills, JN Weinstein, C Van Waes, Z Chen, EA Collisson, The Cancer Genome Atlas Network incl. N Gehlenborg, CC Benz, CM Perou, JM Stuart, ""Multi-platform integration of 12 cancer types reveals cell-of-origin classes with distinct molecular signatures"", *Cell* **158**:929–944 (2014)."
2014,"The Cancer Genome Atlas Network (incl. N Gehlenborg), ""Integrated Genomic Characterization of Papillary Thyroid Carcinoma"", *Cell* **159**:676–690 (2014)."
2014,"M Streit, A Lex, S Gratzl, C Partl, D Schmalstieg, H Pfister, PJ Park, N Gehlenborg, ""Guided Visual Exploration of Genomic Stratifications in Cancer"", *Nature Methods* **11**:884–885 (2014)."
2014,"S Gratzl, N Gehlenborg, A Lex, H Pfister, M Streit, ""Domino: Extracting, Comparing, and Manipulating Subsets across Multiple Tabular Datasets"", *IEEE Transactions on Visualization and Computer Graphics (Proceedings of InfoVis ’14)* (2014)."
2014,"The Cancer Genome Atlas Network (incl. N Gehlenborg), ""Comprehensive molecular profiling of lung adenocarcinoma"", *Nature* (2014)."
2014,"The Cancer Genome Atlas Network (incl. N Gehlenborg), ""Comprehensive Molecular Characterization of Urothelial Bladder Carcinoma"", *Nature* **507**:315–322 (2014)."
2014,"The Cancer Genome Atlas Network (incl. N Gehlenborg), ""Comprehensive Molecular Characterization of Gastric Adenocarcinoma"", *Nature* (2014)."
2014,"JWK Ho, YL Jung, T Liu, BH Alver, S Lee, K Ikegami, K-A Sohn, A Minoda, MY Tolstorukov, A Appert, SCJ Parker, T Gu, A Kundaje, NC Riddle, E Bishop, TA Egelhofer, SS Hu, AA Alekseyenko, A Rechtsteiner, D Asker, JA Belsky, SK Bowman, QB Chen, RAJ Chen, DS Day, Y Dong, AC Dose, X Duan, CB Epstein, S Ercan, EA Feingold, F Ferrari, JM Garrigues, N Gehlenborg, PJ Good, P Haseley, D He, M Herrmann, MM Hoffman, TE Jeffers, PV Kharchenko, PK Zwierz, CV Kotwaliwale, N Kumar, SA Langley, EN Larschan, I Latorre, MW Libbrecht, X Lin, R Park, MJ Pazin, HN Pham, A Plachetka, B Qin, YB Schwartz, N Shoresh, P Stempor, A Vielle, C Wang, CM Whittle, H Xue, RE Kingston, JH Kim, BE Bernstein, AF Dernburg, V Pirrotta, MI Kuroda, WS Noble, TD Tullius, M Kellis, DM MacAlpine, S Strome, SCR Elgin, XS Liu, JD Lieb, J Ahringer, GH Karpen, PJ Park, ""Comparative analysis of metazoan chromatin organization"", *Nature* **512**:449–452 (2014)."
2014,"M Parfenov, CS Pedamallu, N Gehlenborg, SS Freeman, L Danilova, CA Bristow, S Lee, A Hadjipanayis, E Ivanova, MD Wilkerson, A Protopopov, L Yang, S Seth, X Song, J Tang, X Ren, J Zhang, A Pantazi, N Santoso, AW Xu, H Mahadeshwar, DA Wheeler, RI Haddad, J Jung, AI Ojesina, N Isaeva, WG Yarbrough, DN Hayes, JR Grandis, AK El-Naggar, M Meyerson, PJ Park, L Chin, JG Seidman, PS Hammerman, R Kucherlapati (for the TCGA Network), ""Characterization of HPV and Host-Genome Interactions in Primary Head and Neck Cancers"", *Proceedings of the National Academy of Sciences USA* (2014)."
2013,"S Ho Sui, E Merrill, N Gehlenborg, P Haseley, I Sytchev, R Park, P Rocca-Serra, S Corlosquet, A Gonzalez-Beltran, E Maguire, O Hofmann, PJ Park, S Das, SA Sansone, W Hide, ""The Stem Cell Commons: an exemplar for data integration in the biomedical domain driven by the ISA framework"", *AMIA Summits Translational Science Proceedings* **2013**:70 (2013)."
2013,"CW Brennan, RG Verhaak, A McKenna, B Campos, H Noushmehr, SR Salama, S Zheng, D Chakravarty, JZ Sanborn, SH Berman, R Beroukhim, B Bernard, CJ Wu, G Genovese, I Shmulevich, J Barnholtz-Sloan, L Zou, R Vegesna, SA Shukla, G Ciriello, WK Yung, W Zhang, C Sougnez, T Mikkelsen, K Aldape, DD Bigner, EG Van Meir, M Prados, A Sloan, KL Black, J Eschbacher, G Finocchiaro, W Friedman, DW Andrews, A Guha, M Iacocca, BP O’Neill, G Foltz, J Myers, DJ Weisenberger, R Penny, R Kucherlapati, CM Perou, DN Hayes, R Gibbs, M Marra, GB Mills, E Lander, P Spellman, R Wilson, C Sander, J Weinstein, M Meyerson, S Gabriel, PW Laird, D Haussler, G Getz, L Chin (The Cancer Genome Atlas Network, incl. N Gehlenborg), ""The somatic genomic landscape of glioblastoma"", *Cell* **155**:462-77 (2013)."
2013,"The Cancer Genome Atlas Network (incl. N Gehlenborg), ""The Cancer Genome Atlas Pan-Cancer analysis project"", *Nature Genetics* **45**:1113–1120 (2013)."
2013,"N Gehlenborg, MS Noble, G Getz, L Chin, PJ Park, ""Nozzle: a report generation toolkit for data analysis pipelines"", *Bioinformatics* **29**:1089-1091 (2013)."
2013,"S Gratzl, A Lex, N Gehlenborg, HP Pfister, M Streit, ""LineUp: Visual Analysis of Multi-Attribute Rankings"", *IEEE Transactions on Visualization and Computer Graphics* **19**:2277-2286 (2013)."
2013,"J de Ridder, T Abeel, M Michaut, VP Satagopam, N Gehlenborg, ""Don’t Wear Your New Shoes (Yet): Taking the Right Steps to Become a Successful Principal Investigator"", Workshop Report, *PLoS Computational Biology* **9**(1):e1002834 (2013)."
2013,"L Yang, LJ Luquette, N Gehlenborg, R Xi, PS Haseley, C-H Hsieh, C Zhang, X Ren, A Protopopov, L Chin, R Kucherlapati, C Lee, PJ Park and The Cancer Genome Atlas Network, ""Diverse mechanisms of somatic structural variations in human cancer genomes"", *Cell* **153**:919-929 (2013)."
2013,"The Cancer Genome Atlas Network (incl. N Gehlenborg), ""Comprehensive molecular characterization of clear cell renal cell carcinoma"", *Nature* **499**:43–49 (2013)."
2012,"A Lex, M Streit, H-J Schulz, C Partl, D Schmalstieg, PJ Park, N Gehlenborg, ""StratomeX: Visual Analysis of Large-Scale Heterogeneous Genomics Data for Cancer Subtype Characterization"", *Computer Graphics Forum* **31**:1175-1184 (2012). Proceedings of EuroVis Conference 2012 (2012)."
2012,"N Gehlenborg, B Wong, ""Points of View: Power of the Plane"", *Nature Methods* **9**(10):935 (2012)."
2012,"N Gehlenborg, B Wong, ""Points of View: Networks"", *Nature Methods* **9**(2):115 (2012)."
2012,"N Gehlenborg, B Wong, ""Points of View: Mapping Quantitative Data to Color"", *Nature Methods* **9**(8):769 (2012)."
2012,"N Gehlenborg, B Wong, ""Points of View: Into the Third Dimension"", *Nature Methods* **9**(9):851 (2012)."
2012,"N Gehlenborg, B Wong, ""Points of View: Integrating Data"", *Nature Methods* **9**(4):315 (2012)."
2012,"N Gehlenborg, B Wong, ""Points of View: Heat maps"", *Nature Methods* **9**(3):213 (2012)."
2012,"The Cancer Genome Atlas Network (incl. N Gehlenborg), ""Comprehensive molecular portraits of human breast tumours"", *Nature* **490**:61–70 (2012) (2012)."
2012,"The Cancer Genome Atlas Network (incl. N Gehlenborg), ""Comprehensive molecular characterization of human colon and rectal cancer"", *Nature* **487**:330–337 (2012)."
2012,"The Cancer Genome Atlas Network (incl. N Gehlenborg), ""Comprehensive genomic characterization of squamous cell lung cancers"", *Nature* **489**:519–525 (2012)."
2012,"J Caldas, N Gehlenborg, E Kettunen, A Faisal, M Rönty, AG Nicholson, S Knuutila, A Brazma, S Kaski, "" Data-Driven Information Retrieval in Heterogeneous Collections of Transcriptomics Data Links SIM2s to Malignant Pleural Mesothelioma"", *Bioinformatics* **28**(2):246-253 (2012)."
2010,"SI O'Donoghue, AC Gavin, N Gehlenborg, DS Goodsell, JK Heriche, CB Nielsen, C North, AJ Olson, JB Procter, DW Shattuck, T Walter, B Wong, ""Visualizing biological data – now and in the future"", *Nature Methods* **7**(3):S2-S4 (2010)."
2010,"N Gehlenborg, SI O'Donoghue, NS Baliga, A Goesmann, MA Hibbs, H Kitano, O Kohlbacher, H Neuweger, R Schneider, D Tenenbaum, AC Gavin, ""Visualization of Omics Data for Systems Biology"", *Nature Methods* **7**(3):S56-S68 (2010)."
2010,"N Gehlenborg, ""Visualization and Exploration of Transcriptomics Data"", *PhD Thesis*, University of Cambridge, United Kingdom (2010)."
2010,"J Peltonen, H Aidos, N Gehlenborg, A Brazma, S Kaski, ""An Information Retrieval Perspective on Visualization of Gene Expression Data with Ontological Annotation"", In Proceedings of the *IEEE 2010 International Conference on Acoustics, Speech, and Signal Processing (ICASSP 2010)*, 2178-2181 (2010)."
2009,"N Gehlenborg, A Brazma, ""Visualization of Large Microarray Experiments with Space Maps"", *BMC Bioinformatics* **10**(Suppl 13):O7 (2009)."
2009,"N Gehlenborg, D Hwang, IY Lee, H Yoo, B Petritis, D Baxter, R Pitstick, B Marzolf, SJ DeArmond, GA Carlson, LE Hood, ""The Prion Disease Database: A Comprehensive Transcriptome Resource for Systems Biology Research in Prion Diseases"", *Database* 2009:bap011 (2009)."
2009,"J Caldas, N Gehlenborg, A Faisal, A Brazma, S Kaski, ""Probabilistic Retrieval and Visualization of Biologically Relevant Microarray Experiments"", *BMC Bioinformatics* **10**(Suppl 13):P1 (2009)."
2009,"J Caldas, N Gehlenborg, A Faisal, A Brazma, S Kaski, ""Probabilistic retrieval and visualization of biologically relevant microarray experiments"", *Bioinformatics* **25**(12):i145-i153 (2009)."
2009,"N Gehlenborg, W Yan, I Lee, H Yoo, K Nieselt, D Hwang, R Aebersold, L Hood, ""Prequips – An Extensible Software Platform for Integration, Visualization and Analysis of LC-MS/MS Proteomics Data"", *Bioinformatics* **25**(5):682-683 (2009)."
2009,"D Hwang, IY Lee, H Yoo, N Gehlenborg, J Cho, B Petritis, D Baxter, R Pitstick, R Young, D Spicer, N Price, JG Hohmann, SJ DeArmond, GA Carlson, LE Hood, ""A Systems Approach to Prion Disease"", *Molecular Systems Biology* **5**:252 (2009)."
2008,"M Corpas, N Gehlenborg, S Chandra Janga, PE Bourne, ""Ten Simple Rules for Organizing a Scientific Meeting"", *PLoS Computational Biology* **4**(6):e1000080 (2008)."
2008,"L Peixoto, N Gehlenborg, S Chandra Janga (Eds.), ""Highlights from the Fourth International Society for Computational Biology (ISCB) Student Council Symposium at the Sixteenth Annual International Conference on Intelligent Systems for Molecular Biology (ISMB)"", *BMC Bioinformatics* **9**(Suppl 10):I1 (2008)."
2008,"A Schmidt, N Gehlenborg, B Bodenmiller, LN Mueller, D Campbell, M Mueller, R Aebersold, B Domon, ""An integrated, directed mass spectrometric approach for in-depth characterization of complex peptide mixtures"", *Molecular & Cellular Proteomics* **7**:2138-2150 (2008)."
2007,"N Gehlenborg, M Corpas, S Chandra Janga (Eds.), ""Highlights from the Third International Society for Computational Biology (ISCB) Student Council Symposium at the Fifteenth Annual International Conference on Intelligent Systems for Molecular Biology (ISMB)"", *BMC Bioinformatics* **8**(Suppl 8):I1 (2007)."
2006,"N Gehlenborg, ""Visualization and Integration of Liquid Chromatography/Mass Spectrometry Proteomics Data"", *Diplomarbeit (eq. Masters Thesis)*, University of Tübingen, Germany (2006)."
2006,"J Dietzsch, N Gehlenborg, K Nieselt, ""Mayday – A Microarray Data Analysis Workbench"", *Bioinformatics* **22**(8):1010-1012 (2006)."
2005,"N Gehlenborg, ""Visualisierung für DNA-Chip-Analysen"", in D. Spath, K. Haasis and D. Klumpp (Eds.), Aktuelle Trends in der Softwareforschung (Vol. 3), 259-270, IRB Fraunhofer Verlag, Stuttgart, Germany (2005)."
2005,"N Gehlenborg, J Dietzsch, K Nieselt, ""A Framework for Visualization of Microarray Data and Integrated Meta Information"", *Information Visualization* **4**(3):164-175 (2005)."
2003,"N Gehlenborg, ""Mayday – Microarray Data Analysis"", *Studienarbeit (eq. Bachelors Thesis)*, University of Tübingen, Germany (2003)."
